hk,5289
lk,10101
us,303152
ru,28222
pl,17169
de,67308
ar,10360
fr,43018
cr,2021
gb,88559
mx,8230
fi,5469
ni,375
kz,1474
id,23645
ua,17776
in,341579
ps,704
ca,53096
eg,15274
au,34258
ph,20528
no,6614
bd,20700
dk,8220
my,9966
dz,1947
ch,9222
hn,482
it,14257
es,15561
ge,2471
cn,45650
br,23882
il,13581
om,11528
sa,3466
ly,399
sg,10942
pt,9897
pe,1454
ve,3002
pk,30427
ne,9400
cm,538
kr,6611
cl,5053
ir,19700
tn,2255
nl,22815
ae,4521
sk,2481
co,7469
be,9305
lb,2183
ba,1371
nz,8044
bg,5681
gn,121
hr,3012
np,6441
mt,940
ao,165
tg,149
ee,1748
et,1286
ie,9161
mw,183
hu,4673
tr,11774
jo,2539
za,12867
zw,887
gt,1057
mm,1559
kw,675
se,14379
ma,4520
zm,391
gr,6864
ml,333
th,6231
az,1673
ec,1510
sd,634
uy,1729
iq,1450
td,4
vn,12196
md,1193
pr,683
lv,1774
bj,134
at,6379
jp,8734
mk,927
rs,4356
cz,4672
ug,1233
sv,691
cu,956
py,584
tw,105
gh,2034
am,1853
sr,70
gl,24
mu,641
cd,194
bt,98
ad,45
uz,815
al,1093
si,1748
me,261
ke,5261
tm,57
lt,3035
mg,506
do,1149
rw,353
tz,959
na,219
bo,894
tl,14
ls,61
bf,71
bn,105
re,61
kg,327
by,5024
af,693
jm,590
is,802
kh,1632
sm,27
yt,6
pa,405
gf,8
ci,47
mn,630
tj,107
cv,37
mc,62
li,33
cy,875
bz,73
ye,375
gy,65
lu,739
ht,101
mv,199
aq,192
la,125
sz,67
bw,238
gu,25
gm,65
kp,43
mo,13
va,3
sn,181
bh,430
mz,179
bi,31
er,23
sy,7
lr,45
ga,55
sl,73
mr,42
sc,23
dj,24
